Model Name,Parameters,Run Time,Feature Colour,Feature Selection,Method of Feature Selection,Number of Features,Percentage of Original Features,Accuracy Score,F1 Score,Log Loss,Prediction Score
baseline_75,{},4.219486,Gray,Y,Mutual Information,12288,0.75,0.8333333333333334,0.8888888888888888,0.5813254311176504,1.4812892487011062
baseline_80,{},4.09181,Gray,Y,Mutual Information,13107,0.8,0.8461538461538461,0.8965517241379309,0.6035493051682825,1.443714337311575
baseline_70,{},4.680042,Gray,Y,Mutual Information,11468,0.7,0.8205128205128205,0.8793103448275862,0.6131837617587996,1.3860634212367193
full_model,,6.384031,Gray,N,,16384,1.0,0.8205128205128205,0.8793103448275862,0.6247086233197457,1.3604927976721581
baseline_60,{},3.721536,Gray,Y,Mutual Information,9830,0.6,0.8461538461538461,0.8983050847457625,0.6562065634265909,1.3291995448737686
baseline_90,{},5.395276,Gray,Y,Mutual Information,14745,0.9,0.8333333333333334,0.8888888888888888,0.6492287035290966,1.3263601970003143
baseline_85,{},3.938482,Gray,Y,Mutual Information,13926,0.85,0.8205128205128205,0.8793103448275862,0.6443722162396534,1.3189761464732461
baseline_95,{},5.21592,Gray,Y,Mutual Information,15564,0.95,0.8205128205128205,0.8793103448275862,0.6476680560231239,1.3122641679889466
baseline_65,{},4.427407,Gray,Y,Mutual Information,10649,0.65,0.7948717948717948,0.8596491228070176,0.6519801146823091,1.2688430831092234
