Model Name,Parameters,Run Time,Feature Colour,Feature Selection,Method of Feature Selection,Number of Features,Percentage of Original Features,Accuracy Score,F1 Score,Log Loss,Prediction Score
baseline_90,{},542.771403,Rgb,Y,Mutual Information,44236,0.9,0.6370887337986042,0.6117610866966887,5.126096344634733,0.12181294854147746
baseline_95,{},433.439525,Rgb,Y,Mutual Information,46694,0.95,0.6360917248255235,0.6104011834468944,5.140992274006949,0.12123077042682334
full_model,,480.023882,Rgb,N,,49152,1.0,0.6251246261216351,0.5980959926376623,5.165126368443403,0.11841149001045018
baseline_85,{},512.03623,Rgb,Y,Mutual Information,41779,0.85,0.6350947158524427,0.6105438346819156,5.260888393163502,0.11838671127799055
baseline_80,{},444.017312,Rgb,Y,Mutual Information,39321,0.8,0.6311066799601196,0.6066561477308491,5.3517791939745285,0.11564031164482118
baseline_75,{},659.655814,Rgb,Y,Mutual Information,36864,0.75,0.6181455633100698,0.596390152795086,5.5179563114085735,0.11005303844052367
baseline_70,{},625.621827,Rgb,Y,Mutual Information,34406,0.7,0.6121635094715853,0.589804687209687,5.557491334049843,0.10813945757477023
baseline_65,{},604.809194,Rgb,Y,Mutual Information,31948,0.65,0.6141575274177468,0.5920924867941144,5.617943509893364,0.10735690133654953
baseline_60,{},428.296647,Rgb,Y,Mutual Information,29491,0.6,0.6111665004985045,0.5904378483034908,5.756591810922823,0.10436768736338191
