Model Name,Parameters,Run Time,Feature Colour,Feature Selection,Method of Feature Selection,Number of Features,Percentage of Original Features,Accuracy Score,F1 Score,Log Loss,Prediction Score
baseline_60,{},15589.811689,Gray,Y,Mutual Information,9830,0.6,0.2463014794082367,0.23426913242136702,2.5312612402712946,0.0949271067292322
baseline_65,{},18042.905847,Gray,Y,Mutual Information,10649,0.65,0.24440223910435827,0.2322751328054627,2.6042024170189526,0.09152079899677626
baseline_70,{},20374.077618,Gray,Y,Mutual Information,11468,0.7,0.24570171931227508,0.23385694259050036,2.6672743953759976,0.08989676179063937
baseline_75,{},20613.570509,Gray,Y,Mutual Information,12288,0.75,0.24440223910435827,0.23243096836427235,2.743550928702586,0.08690073919898457
baseline_80,{},8582.939659,Gray,Y,Mutual Information,13107,0.8,0.24260295881647342,0.2302810410554981,2.815483758935145,0.08397917380472171
baseline_85,{},8524.052943,Gray,Y,Mutual Information,13926,0.85,0.24330267892842863,0.23078552091435126,2.8832819820009066,0.08221329075725324
baseline_90,{},9104.189576,Gray,Y,Mutual Information,14745,0.9,0.2429028388644542,0.230847154844145,2.9603017335821633,0.08001718006213678
baseline_95,{},9902.652516,Gray,Y,Mutual Information,15564,0.95,0.23970411835265892,0.22773675849221947,3.035597333367715,0.07699322826955707
full_model,,10536.809308,Gray,N,,16384,1.0,0.24180327868852458,0.22990351879104193,3.122243549412367,0.07553971847717418
