Model Name,Parameters,Run Time,Feature Colour,Feature Selection,Method of Feature Selection,Number of Features,Percentage of Original Features,Accuracy Score,F1 Score,Log Loss,Prediction Score
baseline_60,{},121.185815,Gray,Y,Mutual Information,2457,0.6,0.580259222333001,0.5736549822367111,3.6964542214809497,0.15608393008955043
baseline_65,{},141.947605,Gray,Y,Mutual Information,2662,0.65,0.5852442671984048,0.5785345752838817,4.1652806500603905,0.1396999314398435
baseline_70,{},165.505518,Gray,Y,Mutual Information,2867,0.7,0.5782652043868395,0.5760849182738225,4.605131486937997,0.12533302533650373
baseline_75,{},182.278213,Gray,Y,Mutual Information,3072,0.75,0.559322033898305,0.5635948746515528,5.267156536199847,0.10659612077525428
baseline_80,{},218.734456,Gray,Y,Mutual Information,3276,0.8,0.5483549351944168,0.5555535617447537,5.855820146635562,0.0942573772158471
baseline_85,{},230.293731,Gray,Y,Mutual Information,3481,0.85,0.5363908275174477,0.5475494342691251,6.359545470051398,0.08522151990980359
baseline_90,{},228.241999,Gray,Y,Mutual Information,3686,0.9,0.5363908275174477,0.5532447281422065,6.904107778163588,0.07891211947081485
baseline_95,{},238.661798,Gray,Y,Mutual Information,3891,0.95,0.5294117647058824,0.5491748168192636,7.578924668950327,0.07115696676231306
full_model,,258.404807,Gray,N,,4096,1.0,0.5044865403788634,0.5289143905835056,8.404430122471434,0.06147953614364063
