Model Name,Parameters,Run Time,Feature Colour,Feature Selection,Method of Feature Selection,Number of Features,Percentage of Original Features,Accuracy Score,F1 Score,Log Loss,Prediction Score
baseline_60,{},5.876481,Rgb,Y,Mutual Information,1411,0.6,0.646061814556331,0.633625093181332,1.7898462134046247,0.3574851565888048
baseline_65,{},6.249208,Rgb,Y,Mutual Information,1528,0.65,0.6600199401794616,0.6475150786473144,1.8683478096648072,0.3499174543580715
baseline_70,{},7.365399,Rgb,Y,Mutual Information,1646,0.7,0.6550348953140578,0.6415512900843371,1.9538069601555639,0.33181020741556766
baseline_75,{},9.334834,Rgb,Y,Mutual Information,1764,0.75,0.650049850448654,0.6365766803275024,2.027077954053382,0.317359904241323
baseline_80,{},8.932898,Rgb,Y,Mutual Information,1881,0.8,0.6420737786640079,0.6343278150997244,2.1573893396983075,0.2958208725417699
baseline_85,{},11.391024,Rgb,Y,Mutual Information,1999,0.85,0.6370887337986042,0.6249702888631402,2.2610044541805774,0.27909255559585655
baseline_90,{},10.961097,Rgb,Y,Mutual Information,2116,0.9,0.6281156530408774,0.6202813381977251,2.4493143603470933,0.25484621562862425
baseline_95,{},10.865392,Rgb,Y,Mutual Information,2234,0.95,0.6191425722831505,0.6150560884861946,2.5575268999688063,0.24128752287696337
full_model,,12.997248,Rgb,N,,2352,1.0,0.6211365902293121,0.6126622183928863,2.7707628191716025,0.22264605257534767
