Model Name,Parameters,Run Time,Feature Colour,Feature Selection,Method of Feature Selection,Number of Features,Percentage of Original Features,Accuracy Score,F1 Score,Log Loss,Prediction Score
baseline_65,{},5033.787924,Rgb,Y,Mutual Information,7987,0.65,0.40083966413434624,0.3939202527793068,1.8938677446882162,0.2098245558969834
baseline_70,{},4540.546498,Rgb,Y,Mutual Information,8601,0.7,0.4024390243902439,0.39591028900416986,1.912045832535311,0.20876835162884888
baseline_75,{},1076.764836,Rgb,Y,Mutual Information,9216,0.75,0.39984006397441024,0.3930816845930683,1.9549749325975359,0.20279588636820509
baseline_80,{},1131.383933,Rgb,Y,Mutual Information,9830,0.8,0.4017393042782887,0.39534900590834776,1.9881652849370124,0.20045826074563242
baseline_85,{},1127.11221,Rgb,Y,Mutual Information,10444,0.85,0.3942423030787685,0.38751226843127684,2.031047114635307,0.19245111693295616
baseline_90,{},1279.207089,Rgb,Y,Mutual Information,11059,0.9,0.391343462614954,0.3850879713839883,2.0708082526116063,0.18747062481998114
baseline_95,{},1320.755415,Rgb,Y,Mutual Information,11673,0.95,0.391343462614954,0.38460346553998775,2.108460862434638,0.18400790405446668
full_model,,1525.424693,Rgb,N,,12288,1.0,0.38434626149540185,0.3776172214777045,2.1499890612588226,0.1772017115582382
baseline_60,{},4558.495287,Rgb,Y,Mutual Information,7372,0.6,0.3515593762495002,0.3395760666321861,2.023740249116335,0.17075695440249067
