Model Name,Parameters,Run Time,Feature Colour,Feature Selection,Method of Feature Selection,Number of Features,Percentage of Original Features,Accuracy Score,F1 Score,Log Loss,Prediction Score
baseline_80,{},12.008473,Gray,Y,Mutual Information,40140,0.8,0.8333333333333334,0.8888888888888888,0.4632371087773968,1.858899243594295
baseline_75,{},10.610005,Gray,Y,Mutual Information,37632,0.75,0.8333333333333334,0.8888888888888888,0.4641776252882201,1.8551327427219797
baseline_85,{},13.101562,Gray,Y,Mutual Information,42649,0.85,0.8333333333333334,0.8888888888888888,0.4666870869215286,1.8451573554163996
baseline_95,{},11.644131,Gray,Y,Mutual Information,47667,0.95,0.8333333333333334,0.8888888888888888,0.46724249205774754,1.8429640406178738
baseline_90,{},12.466606,Gray,Y,Mutual Information,45158,0.9,0.8333333333333334,0.8888888888888888,0.47667835707123085,1.8064825019576751
baseline_70,{},9.674034,Gray,Y,Mutual Information,35123,0.7,0.8333333333333334,0.8888888888888888,0.47676916946578857,1.8061384130101594
baseline_65,{},8.981396,Gray,Y,Mutual Information,32614,0.65,0.8333333333333334,0.8888888888888888,0.48071019467645243,1.7913310777415319
full_model,,13.144211,Gray,N,,50176,1.0,0.8461538461538461,0.8965517241379309,0.4879622627928967,1.7856970745209293
baseline_60,{},8.851406,Gray,Y,Mutual Information,30105,0.6,0.8333333333333334,0.8888888888888888,0.4822929041633768,1.7854525821914429
