Model Name,Parameters,Run Time,Feature Colour,Feature Selection,Method of Feature Selection,Number of Features,Percentage of Original Features,Accuracy Score,F1 Score,Log Loss,Prediction Score
baseline_70,{},1198.828835,Rgb,Y,Mutual Information,105369,0.7,0.6560319042871385,0.6218212406931075,3.814588678908744,0.16749553523891428
baseline_75,{},1416.355681,Rgb,Y,Mutual Information,112896,0.75,0.6520438683948155,0.6180411642283101,3.8001414825783995,0.16711022976983633
baseline_65,{},1258.395666,Rgb,Y,Mutual Information,97843,0.65,0.6520438683948155,0.6200043104104541,3.865073544414954,0.16455678840101037
baseline_60,{},1120.448468,Rgb,Y,Mutual Information,90316,0.6,0.6470588235294118,0.6185702673621976,3.8563649036366865,0.16409612711936014
baseline_80,{},1341.687498,Rgb,Y,Mutual Information,120422,0.8,0.6480558325024925,0.6149963436627417,3.8631876705790384,0.16347279550826482
baseline_90,{},1535.322151,Rgb,Y,Mutual Information,135475,0.9,0.650049850448654,0.6171687011131148,3.8887098528297854,0.1629356006902422
baseline_85,{},1330.126303,Rgb,Y,Mutual Information,127948,0.85,0.6480558325024925,0.6151347332353823,3.8857063413885733,0.16254323599843476
baseline_95,{},1690.998055,Rgb,Y,Mutual Information,143001,0.95,0.6440677966101694,0.6136590132420594,3.9439552825979907,0.15944993283794662
full_model,,1462.551004,Rgb,N,,150528,1.0,0.6470588235294118,0.6161435224667965,3.973397084880542,0.15895747631200893
