Model Name,Parameters,Run Time,Feature Colour,Feature Selection,Method of Feature Selection,Number of Features,Percentage of Original Features,Accuracy Score,F1 Score,Log Loss,Prediction Score
baseline_60,{},9.776905,Gray,Y,Mutual Information,470,0.6,0.6490528414755733,0.5959748630723946,1.3674452092530764,0.45523860704738023
baseline_65,{},8.582041,Gray,Y,Mutual Information,509,0.65,0.654037886340977,0.6037759465523127,1.4316795218078338,0.4392791171955168
baseline_70,{},12.348717,Gray,Y,Mutual Information,548,0.7,0.6420737786640079,0.5922606738609466,1.4627212901701574,0.4219308424714886
baseline_75,{},17.204789,Gray,Y,Mutual Information,588,0.75,0.6410767696909272,0.5952584917550378,1.5089300864853168,0.40967281139105166
baseline_80,{},16.650491,Gray,Y,Mutual Information,627,0.8,0.6420737786640079,0.6007036357694078,1.5431899795423702,0.40266507394052636
baseline_85,{},22.986079,Gray,Y,Mutual Information,666,0.85,0.6400797607178464,0.6018488305590207,1.543411527397167,0.402332290912481
baseline_90,{},17.938014,Gray,Y,Mutual Information,705,0.9,0.6400797607178464,0.6011412411087216,1.6084186139262115,0.38585135457886177
baseline_95,{},22.468065,Gray,Y,Mutual Information,744,0.95,0.6350947158524427,0.5986113080354716,1.66819115630856,0.3697735775730607
full_model,,22.507877,Gray,N,,784,1.0,0.6370887337986042,0.6015468874858894,1.7047416977263667,0.36329129009294364
