Model Name,Parameters,Run Time,Feature Colour,Feature Selection,Method of Feature Selection,Number of Features,Percentage of Original Features,Accuracy Score,F1 Score,Log Loss,Prediction Score
baseline_60,{},126.59381,Gray,Y,Mutual Information,470,0.6,0.31607357057177127,0.2797724625294388,1.959897572405275,0.15200948291648755
baseline_75,{},183.385434,Gray,Y,Mutual Information,588,0.75,0.3141743302678928,0.2817367640979531,1.9656988986631958,0.151577409635602
baseline_80,{},203.726392,Gray,Y,Mutual Information,627,0.8,0.31357457017193124,0.28144020367179556,1.9673498273622507,0.15122241239665557
baseline_70,{},170.353396,Gray,Y,Mutual Information,548,0.7,0.312874850059976,0.27922894042283275,1.9654811432030563,0.15062566042172348
baseline_65,{},144.513655,Gray,Y,Mutual Information,509,0.65,0.3129748100759696,0.2782398865315766,1.9633099813454264,0.15056580525363494
baseline_85,{},222.061243,Gray,Y,Mutual Information,666,0.85,0.3115753698520592,0.28028497666755664,1.9689182337106972,0.15030089527998672
baseline_90,{},226.114474,Gray,Y,Mutual Information,705,0.9,0.31057576969212314,0.280153075008639,1.9720060424340369,0.1497786598999536
full_model,,283.120851,Gray,N,,784,1.0,0.30997600959616156,0.2806060393490622,1.9762091224463831,0.14942296395589252
baseline_95,{},254.70475,Gray,Y,Mutual Information,744,0.95,0.3085765693722511,0.27860239969738326,1.9744707917371502,0.14869274631128654
