Model Name,Parameters,Run Time,Feature Colour,Feature Selection,Method of Feature Selection,Number of Features,Percentage of Original Features,Accuracy Score,F1 Score,Log Loss,Prediction Score
baseline_60,{},939.22774,Gray,Y,Mutual Information,2457,0.6,0.28848460615753696,0.27063532583337463,2.055354076185079,0.13601547744724554
baseline_65,{},995.099211,Gray,Y,Mutual Information,2662,0.65,0.2848860455817673,0.26779861695719737,2.0683066387960922,0.13360800864147207
baseline_70,{},1044.097155,Gray,Y,Mutual Information,2867,0.7,0.2852858856457417,0.26871062893392367,2.0799805746932605,0.13317348280076233
baseline_75,{},1180.886449,Gray,Y,Mutual Information,3072,0.75,0.2842862854858057,0.2672055601356145,2.089657826770449,0.13195745220971103
baseline_80,{},1351.235535,Gray,Y,Mutual Information,3276,0.8,0.2850859656137545,0.2686632725884827,2.1020341531872933,0.1317174693290765
baseline_85,{},1394.620537,Gray,Y,Mutual Information,3481,0.85,0.282686925229908,0.2671819218660968,2.115099060814871,0.12998654703296975
baseline_90,{},1503.951978,Gray,Y,Mutual Information,3686,0.9,0.2785885645741703,0.2630831733802267,2.126846431559262,0.12734152544273714
baseline_95,{},1345.507148,Gray,Y,Mutual Information,3891,0.95,0.27668932427029186,0.2614127576565977,2.137574017576822,0.1258674734774537
full_model,,1751.616728,Gray,N,,4096,1.0,0.2762894842063175,0.2617416637930768,2.1489368605860175,0.12518542491115175
