Model Name,Parameters,Run Time,Feature Colour,Feature Selection,Method of Feature Selection,Number of Features,Percentage of Original Features,Accuracy Score,F1 Score,Log Loss,Prediction Score
full_model,,208.099584,Gray,N,,16384,1.0,0.5692921236291126,0.5618468425614177,8.631540066815825,0.06552358892124145
baseline_95,{},198.521144,Gray,Y,Mutual Information,15564,0.95,0.5583250249252243,0.5552889270674829,8.958593354589619,0.06215339327921311
baseline_90,{},202.538948,Gray,Y,Mutual Information,14745,0.9,0.5543369890329013,0.5507700688255608,9.105050525443053,0.06068648684432684
baseline_85,{},198.113933,Gray,Y,Mutual Information,13926,0.85,0.5533399800598205,0.5543106549370485,9.272724240331275,0.059726279262096185
baseline_80,{},196.103287,Gray,Y,Mutual Information,13107,0.8,0.5324027916251246,0.5410889275553539,9.897703096102584,0.05422933526886592
baseline_75,{},254.188459,Gray,Y,Mutual Information,12288,0.75,0.5244267198404786,0.5389628071010139,10.329704315749158,0.05147240881426772
baseline_70,{},234.289604,Gray,Y,Mutual Information,11468,0.7,0.4965104685942173,0.5196775811536709,11.31164257952153,0.044917793441758114
baseline_65,{},201.226553,Gray,Y,Mutual Information,10649,0.65,0.48554336989032904,0.517672211335942,12.461247970245507,0.04025341537307142
baseline_60,{},197.052997,Gray,Y,Mutual Information,9830,0.6,0.4506480558325025,0.4912198156836027,14.272590836704529,0.0329956867079074
