Model Name,Parameters,Run Time,Feature Colour,Feature Selection,Method of Feature Selection,Number of Features,Percentage of Original Features,Accuracy Score,F1 Score,Log Loss,Prediction Score
full_model,,2.195001,Gray,N,,4096,1.0,0.7948717948717948,0.8596491228070176,1.0945457200620825,0.7558025614430104
baseline_75,{},1.186869,Gray,Y,Mutual Information,3072,0.75,0.7564102564102564,0.8288288288288288,1.2604782965323855,0.6288244270449267
baseline_90,{},1.764465,Gray,Y,Mutual Information,3686,0.9,0.7692307692307693,0.8392857142857144,1.4133399138350013,0.5690479932572922
baseline_85,{},1.95578,Gray,Y,Mutual Information,3481,0.85,0.7564102564102564,0.8318584070796461,1.4901019922055307,0.5329395812494261
baseline_95,{},2.834488,Gray,Y,Mutual Information,3891,0.95,0.782051282051282,0.8468468468468469,1.5479878387284731,0.5261340199662409
baseline_80,{},1.380945,Gray,Y,Mutual Information,3276,0.8,0.6923076923076923,0.7777777777777778,1.4836123512585808,0.4954412346454128
baseline_60,{},1.518989,Gray,Y,Mutual Information,2457,0.6,0.7564102564102564,0.8347826086956522,1.6715366386370953,0.4759670916945333
baseline_70,{},3.117953,Gray,Y,Mutual Information,2867,0.7,0.7435897435897436,0.8113207547169812,1.7258193538854278,0.4504847204332461
baseline_65,{},1.652968,Gray,Y,Mutual Information,2662,0.65,0.7307692307692307,0.8073394495412844,1.7389198137199617,0.442259806396747
