Model Name,Parameters,Run Time,Feature Colour,Feature Selection,Method of Feature Selection,Number of Features,Percentage of Original Features,Accuracy Score,F1 Score,Log Loss,Prediction Score
baseline_80,{},4.206567,Gray,Y,Mutual Information,627,0.8,0.7435897435897436,0.8113207547169812,7.98471928108202,0.09736788755934929
baseline_90,{},7.792732,Gray,Y,Mutual Information,705,0.9,0.7435897435897436,0.8181818181818182,8.08318425875276,0.09660620813390589
baseline_85,{},4.301905,Gray,Y,Mutual Information,666,0.85,0.7564102564102564,0.8318584070796461,8.335209471758036,0.09527466999308115
full_model,,8.369922,Gray,N,,784,1.0,0.7051282051282052,0.7889908256880734,9.022510894230155,0.08279951381226701
baseline_95,{},4.605587,Gray,Y,Mutual Information,744,0.95,0.717948717948718,0.8,9.263154541874568,0.08193476159156972
baseline_60,{},3.493097,Gray,Y,Mutual Information,470,0.6,0.6666666666666666,0.7547169811320754,9.263258056007336,0.0767215832272403
baseline_75,{},4.79057,Gray,Y,Mutual Information,588,0.75,0.7051282051282052,0.7809523809523811,10.23083709527196,0.07262751680247932
baseline_70,{},3.498908,Gray,Y,Mutual Information,548,0.7,0.6025641025641025,0.6804123711340206,14.325041731572206,0.0447808982947135
baseline_65,{},7.811157,Gray,Y,Mutual Information,509,0.65,0.5384615384615384,0.6470588235294117,16.096440509029062,0.036825544173134106
