Model Name,Parameters,Run Time,Feature Colour,Feature Selection,Method of Feature Selection,Number of Features,Percentage of Original Features,Accuracy Score,F1 Score,Log Loss,Prediction Score
full_model,,230.933414,Rgb,N,,12288,1.0,0.5294117647058824,0.550031686834956,11.069974369366715,0.04875546299944101
baseline_95,{},238.105805,Rgb,Y,Mutual Information,11673,0.95,0.5234297108673978,0.5477565838194768,11.54032591395249,0.04641057378595297
baseline_90,{},227.141085,Rgb,Y,Mutual Information,11059,0.9,0.5154536390827518,0.5470779767831245,12.483599204413732,0.042557102261429745
baseline_85,{},219.566094,Rgb,Y,Mutual Information,10444,0.85,0.5034895314057827,0.5328921105508968,13.162216346680744,0.03936957175977565
baseline_80,{},185.576288,Rgb,Y,Mutual Information,9830,0.8,0.4865403788634098,0.5207701331957488,14.066813589739494,0.03580450205133532
baseline_75,{},171.643618,Rgb,Y,Mutual Information,9216,0.75,0.46360917248255235,0.5082439714304559,15.553217808942751,0.031242832057370613
baseline_70,{},159.853916,Rgb,Y,Mutual Information,8601,0.7,0.4267198404785643,0.47623244339655757,17.53066638901659,0.025753507135383182
baseline_65,{},134.292932,Rgb,Y,Mutual Information,7987,0.65,0.34995014955134596,0.4140553437511363,21.257183451285485,0.017970525000485908
baseline_60,{},127.858782,Rgb,Y,Mutual Information,7372,0.6,0.2522432701894317,0.3218986385903349,26.521306790137373,0.010824163253397377
