Model Name,Parameters,Run Time,Feature Colour,Feature Selection,Method of Feature Selection,Number of Features,Percentage of Original Features,Accuracy Score,F1 Score,Log Loss,Prediction Score
baseline_75,{},63.789258,Rgb,Y,Mutual Information,1764,0.75,0.4696121551379448,0.4568397278028991,1.5341405690062373,0.30194491354236436
baseline_70,{},67.173598,Rgb,Y,Mutual Information,1646,0.7,0.4689124350259896,0.45528787947966837,1.5322953789070508,0.30157381116846665
baseline_80,{},66.624435,Rgb,Y,Mutual Information,1881,0.8,0.468312674930028,0.45616481564876815,1.5380015413600003,0.30054504684088723
baseline_85,{},72.057795,Rgb,Y,Mutual Information,1999,0.85,0.46761295481807275,0.45546507170277806,1.541591663631046,0.2993912228179297
baseline_90,{},90.689491,Rgb,Y,Mutual Information,2116,0.9,0.4686125549780088,0.45660052945780416,1.5456288012590869,0.29929989777691896
baseline_95,{},84.445463,Rgb,Y,Mutual Information,2234,0.95,0.4661135545781687,0.45424689720975264,1.5507436584204213,0.29674809462880386
full_model,,97.705498,Rgb,N,,2352,1.0,0.4617153138744502,0.4509245100171774,1.5544330955336647,0.2935603425177659
baseline_65,{},50.922655,Rgb,Y,Mutual Information,1528,0.65,0.3751499400239904,0.35674657564829404,1.8088403451091029,0.20231097721013597
baseline_60,{},43.242991,Rgb,Y,Mutual Information,1411,0.6,0.37255097960815675,0.35397977972700534,1.8046267073313433,0.20129668822466493
