Model Name,Parameters,Run Time,Feature Colour,Feature Selection,Method of Feature Selection,Number of Features,Percentage of Original Features,Accuracy Score,F1 Score,Log Loss,Prediction Score
baseline_95,{},428.254696,Gray,Y,Mutual Information,47667,0.95,0.6191425722831505,0.5848224094479484,5.443815952315926,0.11058097778075177
full_model,,432.657303,Gray,N,,50176,1.0,0.6161515453639083,0.579607971594934,5.415697714585939,0.11039754986124303
baseline_90,{},395.347229,Gray,Y,Mutual Information,45158,0.9,0.6101694915254238,0.5783904318105089,5.47425171420616,0.10855912235927298
baseline_85,{},473.395462,Gray,Y,Mutual Information,42649,0.85,0.6011964107676969,0.5727154959474808,5.571773648177821,0.10534454384189593
baseline_80,{},570.486592,Gray,Y,Mutual Information,40140,0.8,0.6031904287138584,0.5758097492354011,5.610499451799611,0.10507087542545666
baseline_75,{},556.376278,Gray,Y,Mutual Information,37632,0.75,0.5972083748753739,0.569643488270829,5.6624058091402345,0.10303499099823213
baseline_70,{},518.352951,Gray,Y,Mutual Information,35123,0.7,0.5992023928215354,0.571561494874694,5.760071968882685,0.10162753990062813
baseline_65,{},476.026836,Gray,Y,Mutual Information,32614,0.65,0.6001994017946162,0.5721586199660375,5.882600851698173,0.09964623228025242
baseline_60,{},440.452015,Gray,Y,Mutual Information,30105,0.6,0.5932203389830508,0.5655391531223791,6.158492259220461,0.09407818044835095
